,home,score
4802,South Africa,236.0
5823,England,230.0
4650,Essex,226.0
2190,Titans,224.0
1915,Somerset,220.0
316,Otago,220.0
6213,Warriors,217.0
905,Deccan Chargers,217.0
2514,Royal Challengers Bangalore,215.0
158,Lahore Eagles,215.0
5517,Delhi,214.0
4860,Easterns,212.0
1448,India,211.0
4457,Sunrisers Hyderabad,211.0
5642,Chilaw Marians Cricket Club,211.0
2001,Karachi Dolphins,210.0
81,Nottinghamshire,210.0
4140,Brisbane Heat,210.0
4817,Hobart Hurricanes,209.0
2986,Chennai Super Kings,208.0
756,South Africa,208.0
523,Victoria,206.0
2451,Leicestershire,206.0
4421,Chennai Super Kings,206.0
975,Sussex,205.0
5804,South Africa,205.0
2644,Auckland,205.0
4979,Colombo Cricket Club,205.0
2515,Royal Challengers Bangalore,204.0
1728,Kolkata Knight Riders,204.0
1701,Royal Challengers Bangalore,204.0
5750,Lahore Qalandars,203.0
143,Titans,203.0
4108,Auckland,202.0
346,Lahore Lions,202.0
2684,New Zealand,202.0
3961,India,202.0
4649,Yorkshire,201.0
4478,Kolkata Knight Riders,200.0
1855,Somerset,200.0
5943,Kent,200.0
440,Worcestershire,200.0
3390,Northern Districts,200.0
5383,India,200.0
5690,Australia,200.0
6020,Worcestershire,200.0
6045,Middlesex,200.0
4643,Durham,199.0
4654,Nottinghamshire,198.0
5343,Abbottabad Region,198.0
4178,Titans,198.0
4106,Wellington,198.0
204,Yorkshire,198.0
3463,Rangpur Riders,198.0
2527,Namibia,198.0
5949,Northamptonshire,197.0
1780,Australia,197.0
3567,Delhi,197.0
2993,Rajasthan Royals,197.0
14,Glamorgan,197.0
5865,Rising Pune Supergiants,196.0
5839,India,196.0
1748,Kings XI Punjab,195.0
4474,Mumbai Indians,195.0
4542,Essex,195.0
5875,Royal Challengers Bangalore,195.0
4520,Guyana Amazon Warriors,194.0
3034,Kings XI Punjab,194.0
5273,Yorkshire,194.0
78,Somerset,194.0
3737,Kings XI Punjab,194.0
4425,Rajasthan Royals,193.0
3028,Deccan Chargers,193.0
4313,Ireland,193.0
4596,Derbyshire,193.0
1832,Nottinghamshire,193.0
4567,Kent,193.0
2712,Barisal Burners,193.0
2203,Kings XI Punjab,193.0
3674,Namibia,192.0
5911,Trinbago Knight Riders,192.0
1834,Essex,192.0
5851,Royal Challengers Bangalore,192.0
2656,Melbourne Renegades,192.0
3819,Somerset,192.0
3049,Kolkata Knight Riders,192.0
4620,Northamptonshire,192.0
3392,Auckland,191.0
5387,Zimbabwe,191.0
334,Lions,191.0
4453,Royal Challengers Bangalore,191.0
3878,Worcestershire,191.0
420,Somerset,191.0
443,Glamorgan,191.0
222,Somerset,191.0
4323,England,190.0
1330,Somerset,190.0
1705,Delhi Daredevils,190.0
576,Eagles,190.0
2210,Pune Warriors,190.0
4958,Sinhalese Sports Club,190.0
5321,Hyderabad Region,190.0
4083,Bangladesh,190.0
5670,Brisbane Heat,189.0
2802,Goa,189.0
1261,Chennai Super Kings,189.0
4468,Chennai Super Kings,189.0
3836,Worcestershire,189.0
5870,Royal Challengers Bangalore,189.0
407,Surrey,189.0
2635,Canterbury,189.0
2630,Canterbury,189.0
5020,Mumbai Indians,189.0
787,Western Australia,189.0
5970,Somerset,189.0
2724,Barisal Burners,189.0
1164,Otago,189.0
2126,Madhya Pradesh,188.0
2646,Northern Districts,188.0
3676,Namibia,188.0
1885,Essex,188.0
6009,Worcestershire,188.0
1154,Central Districts,188.0
3552,Kerala,188.0
2,Somerset,188.0
1488,Otago,188.0
924,Delhi Daredevils,188.0
5243,Gloucestershire,188.0
5467,Rangpur Riders,188.0
2484,Namibia,188.0
1941,Sussex,188.0
4300,North West,188.0
5845,Kolkata Knight Riders,188.0
1922,Middlesex,188.0
2363,Warwickshire,187.0
4603,Middlesex,187.0
3372,Jamaica,187.0
3940,Chennai Super Kings,187.0
791,Western Australia,187.0
5222,Kent,187.0
3715,Kings XI Punjab,186.0
5210,Yorkshire,186.0
7,Yorkshire,186.0
3716,Chennai Super Kings,186.0
5888,Kolkata Knight Riders,186.0
4706,Cape Cobras,186.0
6161,Comilla Victorians,186.0
405,Glamorgan,186.0
5634,Sinhalese Sports Club,186.0
815,Northern Districts,186.0
1734,Royal Challengers Bangalore,186.0
6195,Titans,186.0
2994,Royal Challengers Bangalore,186.0
3321,Adelaide Strikers,186.0
313,Wellington,186.0
5014,Delhi Daredevils,186.0
3992,Kenya,186.0
4637,Gloucestershire,186.0
6080,Lahore Blues,185.0
4271,Western Province,185.0
1906,Leicestershire,185.0
1570,Ruhuna,185.0
3023,Royal Challengers Bangalore,185.0
3638,Lions,185.0
4723,Chennai Super Kings,185.0
5966,Nottinghamshire,185.0
1829,Kent,185.0
819,Central Districts,185.0
5942,Nottinghamshire,185.0
351,Islamabad Leopards,185.0
5334,Islamabad Region,184.0
639,Kerala,184.0
5655,Brisbane Heat,184.0
3803,Nottinghamshire,184.0
3748,Mumbai Indians,184.0
1954,Essex,184.0
818,Auckland,184.0
1725,Kings XI Punjab,184.0
2584,North West,184.0
3411,Mid West Rhinos,184.0
3399,Canterbury,184.0
5052,Kolkata Knight Riders,184.0
1110,Victoria,184.0
6160,Dhaka Dynamites,184.0
1420,Royal Challengers Bangalore,184.0
2207,Mumbai Indians,184.0
5545,Odisha,184.0
225,Yorkshire,184.0
5820,England,183.0
3876,Hampshire,183.0
1671,Hyderabad (India),183.0
2053,Central Districts,183.0
6187,United Arab Emirates,183.0
3170,Uthura Rudras,183.0
537,Wellington,182.0
4998,Abbottabad Falcons,182.0
6,Surrey,182.0
5595,Vidarbha,182.0
691,Kent,182.0
3101,Somerset,182.0
5666,Adelaide Strikers,182.0
5650,Tamil Union Cricket and Athletic Club,182.0
5859,Gujarat Lions,182.0
5635,Sri Lanka Ports Authority Cricket Club,182.0
571,Lions,182.0
3736,Rajasthan Royals,182.0
3164,Nottinghamshire,182.0
4834,Melbourne Stars,182.0
3396,Central Districts,182.0
2943,Bloomfield Cricket and Athletic Club,182.0
1966,Mumbai Indians,182.0
5341,Karachi Region Blues,182.0
4532,Middlesex,181.0
5702,Galle Guardians,181.0
2251,Kochi Tuskers Kerala,181.0
3774,Habib Bank Limited,181.0
357,Hyderabad Hawks,181.0
1715,Mumbai Indians,181.0
6210,Dolphins,181.0
5687,Melbourne Stars,181.0
4444,Delhi Daredevils,181.0
1971,Central Districts,181.0
5805,South Africa,181.0
6034,Kent,181.0
3310,India,181.0
5959,Somerset,181.0
992,Lancashire,181.0
3120,Essex,181.0
4416,Goa,181.0
2561,Free State,181.0
4505,Trinidad & Tobago Red Steel,180.0
330,Titans,180.0
5886,Kings XI Punjab,180.0
318,Auckland,180.0
5340,Islamabad Region,180.0
200,Durham,180.0
1879,Leicestershire,180.0
1644,Gujarat,180.0
3094,Lancashire,180.0
1991,Hyderabad Hawks,180.0
3468,Dhaka Gladiators,180.0
4559,Lancashire,180.0
5013,Kolkata Knight Riders,179.0
5337,Abbottabad Region,179.0
4539,Northamptonshire,179.0
4415,Haryana,179.0
5174,Gloucestershire,179.0
1541,Mid West Rhinos,179.0
5675,Brisbane Heat,179.0
4870,Baroda,179.0
946,Delhi Daredevils,179.0
2240,Deccan Chargers,179.0
4324,Australia,179.0
2897,Lions,179.0
6107,Peshawar,179.0
1453,Victoria,179.0
6087,Karachi Whites,179.0
4550,Glamorgan,179.0
1441,Cape Cobras,178.0
2014,Mashonaland Eagles,178.0
2035,Otago,178.0
239,Middlesex,178.0
238,Leicestershire,178.0
5864,Mumbai Indians,178.0
1745,Kings XI Punjab,178.0
2264,Kolkata Knight Riders,178.0
5189,Hampshire,178.0
3217,Bangladesh,178.0
4580,Durham,178.0
4705,Barbados Tridents,178.0
944,Kings XI Punjab,178.0
5353,Karachi Region Blues,178.0
5256,Somerset,178.0
1509,Sri Lanka A,178.0
427,Essex,178.0
1848,Warwickshire,178.0
2124,Rajasthan,178.0
2068,Combined Campuses and Colleges,178.0
4372,Delhi,178.0
994,Surrey,177.0
1380,Somerset,177.0
5471,Comilla Victorians,177.0
3984,Kenya,177.0
3671,Kenya,177.0
2265,Royal Challengers Bangalore,177.0
4747,Auckland,177.0
5199,Essex,177.0
5560,Odisha,177.0
2172,Cape Cobras,177.0
800,Queensland,177.0
708,Derbyshire,177.0
1026,Warwickshire,177.0
1926,Essex,177.0
4174,Knights,177.0
482,Northern Districts,177.0
3126,Essex,177.0
452,Sussex,177.0
5245,Middlesex,177.0
614,Baroda,177.0
4622,Warwickshire,176.0
363,Abbottabad Rhinos,176.0
554,Tamil Union Cricket and Athletic Club,176.0
5411,Knights,176.0
5679,Sydney Thunder,176.0
479,Guyana,176.0
3668,Kenya,176.0
4335,India,176.0
3749,Royal Challengers Bangalore,176.0
4476,Chennai Super Kings,176.0
1251,Royal Challengers Bangalore,176.0
5070,Pakistan,176.0
3448,Chittagong Kings,176.0
4905,Assam,175.0
355,Lahore Eagles,175.0
2562,Namibia,175.0
581,Lions,175.0
1395,Gloucestershire,175.0
5756,Islamabad United,175.0
4093,Prime Bank Cricket Club,175.0
6090,Islamabad,175.0
2542,Mid West Rhinos,175.0
4088,Abahani Limited,175.0
2321,Leicestershire,175.0
5251,Nottinghamshire,175.0
701,Essex,175.0
1405,Nottinghamshire,175.0
2218,Kolkata Knight Riders,175.0
3318,Brisbane Heat,175.0
948,Kolkata Knight Riders,175.0
5147,Canada,174.0
5229,Kent,174.0
2628,Otago,174.0
2675,Hobart Hurricanes,174.0
2686,New Zealand,174.0
2564,Free State,174.0
2698,Chittagong Kings,174.0
3022,Mumbai Indians,174.0
5169,Sri Lanka,174.0
1914,Kent,174.0
3817,Middlesex,174.0
2403,Derbyshire,174.0
195,Nottinghamshire,174.0
5587,Kerala,174.0
1122,Sri Lanka,174.0
392,Warwickshire,174.0
3933,Kandurata Maroons,174.0
5660,Melbourne Renegades,174.0
5956,Worcestershire,174.0
5205,Somerset,173.0
3128,Derbyshire,173.0
817,Central Districts,173.0
5572,Himachal Pradesh,173.0
5453,Northern Districts,173.0
4771,Lions,173.0
3726,Rajasthan Royals,173.0
1221,Royal Challengers Bangalore,173.0
5920,Barbados Tridents,173.0
6053,Warwickshire,173.0
5893,Rising Pune Supergiants,173.0
5894,Gujarat Lions,173.0
5069,Pakistan,173.0
2495,Royal Challengers Bangalore,173.0
3054,England,173.0
4406,Kerala,173.0
3035,Royal Challengers Bangalore,173.0
4500,Antigua Hawksbills,173.0
670,England,173.0
2865,Baroda,173.0
315,Central Districts,172.0
1908,Surrey,172.0
2452,Nottinghamshire,172.0
4092,Abahani Limited,172.0
5732,South Africa,172.0
2176,Lions,172.0
2392,Somerset,172.0
5016,Royal Challengers Bangalore,172.0
4531,Sussex,172.0
3843,Essex,172.0
3193,Trinidad & Tobago,172.0
1925,Worcestershire,172.0
916,Chennai Super Kings,172.0
1290,Australia,172.0
1316,Australia A,172.0
5972,Gloucestershire,172.0
2481,Lahore Eagles,171.0
6205,Dolphins,171.0
1539,Mashonaland Eagles,171.0
607,Himachal Pradesh,171.0
989,Northamptonshire,171.0
2504,Royal Challengers Bangalore,171.0
5428,Knights,171.0
5854,Mumbai Indians,171.0
2525,Namibia,171.0
4744,Wellington,171.0
5665,Melbourne Renegades,171.0
1434,New South Wales,171.0
3006,Kings XI Punjab,171.0
2281,Islamabad Leopards,171.0
5602,New Zealand,171.0
5589,Delhi,171.0
4082,Bangladesh,171.0
2038,Canterbury,171.0
677,Essex,171.0
3893,Northamptonshire,171.0
1483,Otago,171.0
947,Deccan Chargers,171.0
2883,Karachi Dolphins,170.0
2885,Karachi Dolphins,170.0
168,Karachi Dolphins,170.0
5971,Worcestershire,170.0
4050,National Bank of Pakistan,170.0
4440,Mumbai Indians,170.0
2891,Titans,170.0
5009,Kolkata Knight Riders,170.0
6032,Derbyshire,170.0
5209,Surrey,170.0
3922,Antigua Hawksbills,170.0
5275,Gloucestershire,170.0
2952,Kurunegala Youth Cricket Club,170.0
2547,Matabeleland Tuskers,170.0
5652,Tamil Union Cricket and Athletic Club,170.0
5352,Peshawar Region,170.0
532,Canterbury,170.0
574,Titans,170.0
850,Northerns (Zimbabwe),170.0
568,Chilaw Marians Cricket Club,170.0
101,Yorkshire,170.0
1809,Essex,170.0
5407,Knights,170.0
3584,Baroda,169.0
5741,Islamabad United,169.0
1226,Chennai Super Kings,169.0
1983,South Africa,169.0
5018,Kings XI Punjab,169.0
4754,Wellington,169.0
967,Worcestershire,169.0
117,Leicestershire,169.0
2458,England,169.0
5038,Kolkata Knight Riders,169.0
2786,Netherlands,169.0
4995,Peshawar Panthers,169.0
3761,Mumbai Indians,169.0
5706,Hambantota Troopers,169.0
1344,Essex,169.0
5324,Lahore Region Whites,169.0
2551,Griqualand West,169.0
1246,Deccan Chargers,169.0
410,Somerset,169.0
3312,South Africa,169.0
4639,Essex,168.0
3316,Melbourne Renegades,168.0
2895,Dolphins,168.0
3557,Haryana,168.0
1176,South Africa,168.0
1828,Gloucestershire,168.0
5559,Mumbai,168.0
308,New South Wales,168.0
1518,United Arab Emirates,168.0
5588,Baroda,168.0
6008,Somerset,168.0
673,Surrey,168.0
5760,Afghanistan,168.0
766,New Zealand,168.0
4801,South Africa,168.0
3458,Duronto Rajshahi,168.0
902,Rajasthan Royals,168.0
1581,Ruhuna,168.0
5367,North West,168.0
476,Jamaica,168.0
5928,St Lucia Zouks,168.0
5122,Afghanistan,168.0
4511,St Lucia Zouks,168.0
5480,Comilla Victorians,168.0
680,Nottinghamshire,167.0
5339,Lahore Region Whites,167.0
915,Deccan Chargers,167.0
5214,Northamptonshire,167.0
783,India,167.0
164,Faisalabad Wolves,167.0
1321,Nottinghamshire,167.0
1886,Glamorgan,167.0
588,Andhra,167.0
1934,Essex,167.0
4148,Melbourne Renegades,167.0
5594,Gujarat,167.0
1121,New South Wales,167.0
2694,Barisal Burners,167.0
4557,Leicestershire,167.0
4424,Kolkata Knight Riders,167.0
2354,Kent,167.0
5073,Ireland,167.0
4135,Sydney Sixers,167.0
6151,Barisal Bulls,167.0
5990,Worcestershire,167.0
1777,India,167.0
3401,Central Districts,166.0
1147,New Zealand,166.0
4490,Khyber Pakhtunkhwa,166.0
2209,Deccan Chargers,166.0
1480,Canterbury,166.0
6036,Worcestershire,166.0
1258,Deccan Chargers,166.0
1471,Wellington,166.0
3702,Chennai Super Kings,166.0
45,Leicestershire,166.0
5299,Sussex,166.0
1265,Delhi Daredevils,166.0
193,Gloucestershire,166.0
575,Dolphins,166.0
1967,Central Districts,166.0
4611,Essex,166.0
5873,Delhi Daredevils,166.0
901,Mumbai Indians,166.0
1394,Worcestershire,166.0
5232,Gloucestershire,166.0
69,Northamptonshire,166.0
4932,Odisha,166.0
5604,Bangladesh,166.0
2312,Kent,166.0
5396,Afghanistan,166.0
3304,Lahore Lions,166.0
2855,Railways,166.0
5909,Trinbago Knight Riders,166.0
3627,Griqualand West,166.0
1821,Kent,166.0
1393,Nottinghamshire,166.0
3679,Dhaka Metropolis,166.0
178,Yorkshire,166.0
985,Kent,166.0
2998,Kings XI Punjab,166.0
5649,Sri Lanka Army,166.0
5912,St Kitts and Nevis Patriots,166.0
5936,St Lucia Zouks,165.0
5017,Rajasthan Royals,165.0
21,Middlesex,165.0
773,Australia,165.0
4528,Yorkshire,165.0
4562,Derbyshire,165.0
1016,Sussex,165.0
1920,Middlesex,165.0
4664,Larkana Bulls,165.0
3403,Otago,165.0
5783,Border,165.0
3714,Delhi Daredevils,165.0
5906,St Kitts and Nevis Patriots,165.0
5272,Sussex,165.0
4698,Mumbai Indians,165.0
4666,Hyderabad Hawks,165.0
4976,Nondescripts Cricket Club,165.0
415,Gloucestershire,165.0
2273,Hyderabad Hawks,165.0
139,Dolphins,165.0
4463,Delhi Daredevils,165.0
760,Bangladesh,165.0
3302,Hyderabad Hawks,165.0
350,Rawalpindi Rams,165.0
4704,Dolphins,165.0
2328,Lancashire,165.0
6116,KwaZulu-Natal Inland,165.0
5785,Gauteng,164.0
5212,Durham,164.0
5146,Jersey,164.0
5230,Lancashire,164.0
4674,Multan Tigers,164.0
955,Chennai Super Kings,164.0
3944,Trinidad & Tobago,164.0
4143,Adelaide Strikers,164.0
2930,Burgher Recreation Club,164.0
5878,Kolkata Knight Riders,164.0
5092,Jamaica Tallawahs,164.0
2499,Kolkata Knight Riders,164.0
2663,Melbourne Renegades,164.0
6022,Leicestershire,164.0
3796,Sri Lanka,164.0
389,Glamorgan,164.0
1888,Hampshire,164.0
1721,Mumbai Indians,164.0
396,Leicestershire,164.0
4304,Ireland,164.0
5591,Kerala,164.0
5593,Kerala,164.0
5183,Leicestershire,164.0
1157,Wellington,164.0
3260,Sydney Sixers,164.0
2314,Yorkshire,164.0
2341,Sussex,164.0
2174,Warriors,164.0
3319,Perth Scorchers,164.0
1637,Madhya Pradesh,164.0
3845,Middlesex,164.0
5905,Trinbago Knight Riders,164.0
2737,Bermuda,164.0
3001,Mumbai Indians,164.0
599,Railways,164.0
5236,Warwickshire,164.0
167,Lahore Eagles,164.0
5846,Gujarat Lions,164.0
1115,Queensland,164.0
1905,Essex,163.0
1694,Khulna Division,163.0
1917,Lancashire,163.0
1288,England,163.0
4098,New Zealand,163.0
1027,Worcestershire,163.0
53,Lions,163.0
5955,Middlesex,163.0
2474,Afghan Cheetas,163.0
5668,Melbourne Stars,163.0
2589,North West,163.0
5696,Colombo Commandos,163.0
5698,Colombo Commandos,163.0
4575,Essex,163.0
3670,Namibia,163.0
5899,Gujarat Lions,163.0
667,Railways,163.0
3990,Italy,163.0
623,Delhi,163.0
3045,Rajasthan Royals,163.0
3188,Uva Next,163.0
3017,Royal Challengers Bangalore,163.0
4973,Saracens Sports Club,163.0
5499,Rangpur Riders,163.0
1155,Auckland,163.0
3520,Andhra,163.0
3695,Royal Challengers Bangalore,162.0
1579,Basnahira North,162.0
2780,Scotland,162.0
2817,Kerala,162.0
2197,Kochi Tuskers Kerala,162.0
1599,Lions,162.0
5159,Afghanistan,162.0
5843,Kings XI Punjab,162.0
1105,Queensland,162.0
2715,Barisal Burners,162.0
5493,Sylhet Super Stars,162.0
2946,Badureliya Sports Club,162.0
4497,St Lucia Zouks,162.0
5860,Rising Pune Supergiants,162.0
6059,Gloucestershire,162.0
1737,Royal Challengers Bangalore,162.0
1722,Chennai Super Kings,162.0
2996,Delhi Daredevils,162.0
404,Essex,162.0
5927,St Lucia Zouks,162.0
909,Kings XI Punjab,162.0
1111,Victoria,162.0
1877,Yorkshire,162.0
1796,Leeward Islands,162.0
6039,Nottinghamshire,162.0
4941,Andhra,162.0
3719,Kolkata Knight Riders,162.0
1399,Surrey,162.0
4865,Northerns,162.0
4873,Gujarat,162.0
4878,Delhi,162.0
5629,Sri Lanka Army,162.0
3518,Delhi,162.0
3606,Easterns,161.0
3498,Faisalabad Wolves,161.0
565,Panadura Sports Club,161.0
1635,Gujarat,161.0
5932,Barbados Tridents,161.0
5892,Delhi Daredevils,161.0
1653,Baroda,161.0
4147,Perth Scorchers,161.0
3466,Chittagong Kings,161.0
5344,Faisalabad Region,161.0
3864,Glamorgan,161.0
538,Northern Districts,161.0
5950,Warwickshire,161.0
4446,Delhi Daredevils,161.0
3091,Hampshire,161.0
5268,Worcestershire,161.0
299,Ragama Cricket Club,161.0
5836,India,161.0
1490,Canterbury,161.0
789,Tasmania,161.0
1275,Karachi Zebras,161.0
1191,Basnahira South,161.0
5539,Karnataka,161.0
4989,Sri Lanka Ports Authority Cricket Club,161.0
2224,Delhi Daredevils,161.0
1113,South Australia,161.0
1880,Somerset,161.0
1104,Australia,161.0
5433,Titans,161.0
2368,Derbyshire,161.0
4464,Sunrisers Hyderabad,161.0
2623,Wellington,161.0
5840,England,161.0
5869,Rising Pune Supergiants,161.0
111,Glamorgan,161.0
4472,Kolkata Knight Riders,161.0
3835,Leicestershire,161.0
1461,Victoria,161.0
4454,Sunrisers Hyderabad,160.0
4471,Royal Challengers Bangalore,160.0
1977,Lions,160.0
3036,Kolkata Knight Riders,160.0
2206,Rajasthan Royals,160.0
4975,Colombo Cricket Club,160.0
3353,Combined Campuses and Colleges,160.0
2718,Barisal Burners,160.0
1793,Guyana,160.0
4451,Mumbai Indians,160.0
2831,Uttar Pradesh,160.0
2470,Abbottabad Falcons,160.0
3172,Kandurata Warriors,160.0
1825,Yorkshire,160.0
3720,Chennai Super Kings,160.0
3139,Gloucestershire,160.0
2683,New Zealand,160.0
3118,Middlesex,160.0
2619,Otago,160.0
3853,Nottinghamshire,160.0
5685,Adelaide Strikers,160.0
879,Basnahira North,160.0
1454,South Australia,160.0
633,Bengal,160.0
1295,Australia,160.0
5350,Hyderabad Region,160.0
360,Lahore Eagles,160.0
562,Tamil Union Cricket and Athletic Club,160.0
5542,Delhi,160.0
421,Yorkshire,160.0
477,Grenada,160.0
5331,Faisalabad Region,160.0
5983,Gloucestershire,160.0
798,New South Wales,160.0
436,Essex,160.0
0,Durham,160.0
6114,KwaZulu-Natal Inland,160.0
4701,Chennai Super Kings,159.0
5482,Barisal Bulls,159.0
5838,England,159.0
1343,Derbyshire,159.0
929,Rajasthan Royals,159.0
3555,Madhya Pradesh,159.0
170,Karachi Dolphins,159.0
4632,Glamorgan,159.0
2497,Chennai Super Kings,159.0
1883,Nottinghamshire,159.0
3245,Chennai Super Kings,159.0
3619,South Western Districts,159.0
6181,Dhaka Dynamites,159.0
3813,Lancashire,159.0
2173,Lions,159.0
2135,Railways,159.0
5022,Kings XI Punjab,159.0
557,Moors Sports Club,159.0
5099,Jamaica Tallawahs,159.0
4387,Rajasthan,159.0
5599,Delhi,159.0
5051,Chennai Super Kings,159.0
8,Glamorgan,159.0
5643,Nondescripts Cricket Club,159.0
4382,Kerala,159.0
4466,Kings XI Punjab,159.0
5897,Gujarat Lions,159.0
28,Nottinghamshire,159.0
1735,Kings XI Punjab,158.0
3332,Sydney Sixers,158.0
4522,Jamaica Tallawahs,158.0
5803,South Africa,158.0
1823,Middlesex,158.0
3242,Lions,158.0
364,Karachi Dolphins,158.0
2057,Australia,158.0
3309,India,158.0
4485,Western Troopers,158.0
5238,Hampshire,158.0
4332,Bangladesh,158.0
620,Rajasthan,158.0
5377,Gauteng,158.0
4442,Royal Challengers Bangalore,158.0
1672,Himachal Pradesh,158.0
932,Mumbai Indians,158.0
3698,Royal Challengers Bangalore,158.0
4809,Hobart Hurricanes,158.0
3603,North West,158.0
988,Leicestershire,158.0
4067,Pakistan International Airlines,158.0
2020,Matabeleland Tuskers,158.0
939,Royal Challengers Bangalore,158.0
1675,Delhi,158.0
3792,West Indies,158.0
4107,Wellington,158.0
5456,Central Districts,158.0
2680,Perth Scorchers,158.0
3,Surrey,158.0
5751,Karachi Kings,158.0
2771,Bermuda,158.0
775,South Africa,158.0
4819,Brisbane Heat,158.0
4967,Bloomfield Cricket and Athletic Club,157.0
2186,Dolphins,157.0
5023,Rajasthan Royals,157.0
5568,Maharashtra,157.0
1241,Delhi Daredevils,157.0
4585,Essex,157.0
1955,Hampshire,157.0
5809,Ireland,157.0
5204,Kent,157.0
2924,Titans,157.0
4682,Islamabad Leopards,157.0
2914,Cape Cobras,157.0
5827,Australia,157.0
794,Western Australia,157.0
5500,Comilla Victorians,157.0
3585,Delhi,157.0
67,Kent,157.0
312,Canterbury,157.0
4226,Hyderabad Hawks,157.0
4126,Canterbury,157.0
317,Auckland,157.0
1732,Rajasthan Royals,157.0
4103,Northern Districts,157.0
5347,Karachi Region Blues,157.0
3581,Gujarat,157.0
3959,Trinidad & Tobago,157.0
3446,Dhaka Gladiators,157.0
3846,Northamptonshire,157.0
3146,Surrey,157.0
1424,Deccan Chargers,157.0
3934,Kandurata Maroons,157.0
2295,Combined Provinces,156.0
1303,India,156.0
6050,Glamorgan,156.0
4145,Sydney Thunder,156.0
2701,Chittagong Kings,156.0
2657,Sydney Thunder,156.0
5704,Kandy Crusaders,156.0
3827,Durham,156.0
5676,Melbourne Renegades,156.0
1595,Lions,156.0
2620,Auckland,156.0
3780,Sui Northern Gas Pipelines Limited,156.0
2309,Surrey,156.0
1935,Gloucestershire,156.0
4761,Auckland,156.0
2027,Wellington,156.0
1711,Mumbai Indians,156.0
1669,Assam,156.0
1961,Warriors,156.0
5584,Baroda,156.0
5281,Northamptonshire,156.0
2410,Yorkshire,156.0
2404,Kent,156.0
455,Leicestershire,156.0
4465,Kolkata Knight Riders,156.0
1369,Yorkshire,156.0
3182,Uthura Rudras,156.0
379,Faisalabad Wolves,156.0
3297,Lahore Eagles,156.0
1475,Auckland,156.0
2989,Pune Warriors,156.0
5800,Easterns,156.0
634,Delhi,156.0
2798,Afghanistan,156.0
4441,Delhi Daredevils,156.0
4602,Surrey,156.0
445,Gloucestershire,155.0
2333,Middlesex,155.0
1841,Nottinghamshire,155.0
1970,Royal Challengers Bangalore,155.0
1014,Nottinghamshire,155.0
2102,South Australia,155.0
4835,Sydney Sixers,155.0
5965,Warwickshire,155.0
2344,Glamorgan,155.0
2308,Durham,155.0
3195,Trinidad & Tobago,155.0
3830,Somerset,155.0
60,Lions,155.0
3625,Boland,155.0
4968,Chilaw Marians Cricket Club,155.0
3738,Rajasthan Royals,155.0
5395,Hong Kong,155.0
584,Warriors,155.0
3770,Pakistan International Airlines,155.0
4362,Himachal Pradesh,155.0
1708,Mumbai Indians,155.0
5253,Surrey,155.0
910,Mumbai Indians,155.0
4560,Surrey,155.0
4577,Middlesex,155.0
196,Hampshire,155.0
4254,West Indies,155.0
4124,Canterbury,155.0
5821,Afghanistan,155.0
6071,Durham,155.0
4675,Karachi Dolphins,155.0
4805,Sydney Sixers,155.0
246,Northamptonshire,155.0
3814,Derbyshire,154.0
4590,Gloucestershire,154.0
6200,Knights,154.0
1135,Titans,154.0
3024,Delhi Daredevils,154.0
3779,National Bank of Pakistan,154.0
2704,Chittagong Kings,154.0
5712,Mashonaland Eagles,154.0
5554,Tamil Nadu,154.0
1237,Kings XI Punjab,154.0
4673,Hyderabad Hawks,154.0
2840,Mumbai,154.0
4057,National Bank of Pakistan,154.0
2651,Melbourne Stars,154.0
6082,Karachi Whites,154.0
4306,Afghanistan,154.0
995,Yorkshire,154.0
6048,Surrey,154.0
657,Karnataka,154.0
4825,Melbourne Stars,154.0
5981,Essex,154.0
624,Goa,154.0
3684,Rajshahi Division,154.0
1021,Lancashire,154.0
5630,Badureliya Sports Club,154.0
4297,Eastern Province,154.0
5616,Chilaw Marians Cricket Club,154.0
3236,Trinidad & Tobago,154.0
3125,Northamptonshire,154.0
4942,Hyderabad (India),154.0
5323,Abbottabad Region,154.0
1898,Gloucestershire,154.0
5425,Lions,154.0
1662,Baroda,154.0
1382,Derbyshire,154.0
1804,Barbados,154.0
1951,Warwickshire,154.0
5386,Zimbabwe,154.0
5123,Hong Kong,154.0
1538,Mid West Rhinos,154.0
5435,Northern Districts,154.0
5450,Wellington,154.0
1267,Delhi Daredevils,154.0
1674,Maharashtra,154.0
1776,England,153.0
3275,Bahawalpur Stags,153.0
6119,Zimbabwe,153.0
386,Sussex,153.0
4370,Bengal,153.0
5850,Kings XI Punjab,153.0
4059,Habib Bank Limited,153.0
1,Hampshire,153.0
1678,Chittagong Division,153.0
481,Auckland,153.0
2391,Kent,153.0
5881,Royal Challengers Bangalore,153.0
3337,Hobart Hurricanes,153.0
3058,Zimbabwe XI,153.0
3377,Northern Districts,153.0
4176,Knights,153.0
6037,Durham,153.0
3389,Canterbury,153.0
3456,Barisal Burners,153.0
5598,Baroda,153.0
2868,West Indies,153.0
1853,Derbyshire,153.0
1408,Essex,153.0
57,Dolphins,153.0
1035,Sussex,153.0
5047,Mumbai Indians,153.0
4667,Larkana Bulls,153.0
5640,Sri Lanka Ports Authority Cricket Club,153.0
4627,Sussex,153.0
5745,Islamabad United,153.0
4710,Kolkata Knight Riders,153.0
4707,Kolkata Knight Riders,153.0
5319,Bahawalpur Region,153.0
6202,Warriors,153.0
5736,Quetta Gladiators,153.0
1274,Islamabad Leopards,153.0
3460,Duronto Rajshahi,152.0
4137,Brisbane Heat,152.0
6016,Gloucestershire,152.0
5658,Perth Scorchers,152.0
5646,Sri Lanka Ports Authority Cricket Club,152.0
3568,Gujarat,152.0
3850,Sussex,152.0
5208,Nottinghamshire,152.0
6211,Cape Cobras,152.0
3347,Hobart Hurricanes,152.0
2475,Multan Tigers,152.0
907,Chennai Super Kings,152.0
549,Saracens Sports Club,152.0
3093,Warwickshire,152.0
5414,Cape Cobras,152.0
533,Wellington,152.0
3580,Bengal,152.0
6004,Northamptonshire,152.0
747,Gloucestershire,152.0
2117,Hyderabad (India),152.0
5171,South Africa,152.0
1656,Himachal Pradesh,152.0
2567,Griqualand West,152.0
5512,Gujarat,152.0
3956,Mumbai Indians,152.0
6128,South Western Districts,152.0
2560,Border,152.0
1881,Warwickshire,152.0
671,Lancashire,152.0
4352,Goa,152.0
4326,Netherlands,152.0
3925,Jamaica Tallawahs,152.0
5346,Abbottabad Region,152.0
4939,Gujarat,152.0
2019,Mid West Rhinos,152.0
2961,Ragama Cricket Club,152.0
4872,Haryana,152.0
2201,Rajasthan Royals,152.0
4305,Netherlands,152.0
4502,Antigua Hawksbills,152.0
1810,Warwickshire,151.0
4914,Andhra,151.0
5641,Bloomfield Cricket and Athletic Club,151.0
1022,Hampshire,151.0
1716,Rajasthan Royals,151.0
3233,Uva Next,151.0
4393,Goa,151.0
3370,Combined Campuses and Colleges,151.0
3175,Basnahira Cricket Dundee,151.0
1767,England,151.0
2289,Ruhuna,151.0
2643,Otago,151.0
4864,Free State,151.0
375,Karachi Zebras,151.0
1679,Dhaka Division,151.0
138,Titans,151.0
1377,Essex,151.0
5715,Matabeleland Tuskers,151.0
4,Worcestershire,151.0
2721,Barisal Burners,151.0
5752,Islamabad United,151.0
3889,Surrey,151.0
5773,Pakistan,151.0
5286,Essex,151.0
1257,Chennai Super Kings,151.0
1351,Leicestershire,151.0
2029,Wellington,151.0
3998,Italy,151.0
5555,Bengal,151.0
2204,Pune Warriors,151.0
5948,Lancashire,151.0
149,Titans,151.0
217,Nottinghamshire,151.0
1287,Lahore Lions,151.0
1400,Gloucestershire,151.0
4963,Moors Sports Club,151.0
2249,Rajasthan Royals,151.0
1816,Glamorgan,151.0
2424,Leicestershire,151.0
3061,Zimbabwe XI,150.0
5935,Guyana Amazon Warriors,150.0
820,Central Districts,150.0
2434,Yorkshire,150.0
2739,Afghanistan,150.0
5416,Titans,150.0
504,Lahore Lions,150.0
1866,Leicestershire,150.0
5162,Namibia,150.0
1946,Gloucestershire,150.0
4775,Warriors,150.0
1001,Nottinghamshire,150.0
5882,Sunrisers Hyderabad,150.0
5196,Northamptonshire,150.0
940,Kolkata Knight Riders,150.0
4452,Kings XI Punjab,150.0
2934,Bloomfield Cricket and Athletic Club,150.0
1276,Hyderabad Hawks,150.0
5871,Gujarat Lions,150.0
4799,Lions,150.0
527,Auckland,150.0
378,Faisalabad Wolves,150.0
5284,Derbyshire,150.0
2108,Kerala,150.0
91,Warwickshire,150.0
2165,Delhi,150.0
4149,Adelaide Strikers,150.0
3721,Kolkata Knight Riders,150.0
1224,Royal Challengers Bangalore,150.0
3142,Nottinghamshire,150.0
3479,Chittagong Kings,150.0
5087,St Lucia Zouks,150.0
5531,Jharkhand,150.0
268,Tamil Union Cricket and Athletic Club,150.0
3439,Duronto Rajshahi,150.0
2127,Gujarat,150.0
1231,Deccan Chargers,150.0
5318,Lahore Region Blues,150.0
5071,Ireland,150.0
3639,Lions,150.0
5625,Galle Cricket Club,150.0
1238,Royal Challengers Bangalore,150.0
1464,Queensland,150.0
1148,New Zealand,150.0
1149,Auckland,150.0
5274,Derbyshire,150.0
5094,Guyana Amazon Warriors,150.0
3634,Griqualand West,150.0
4404,Gujarat,150.0
6141,Barisal Bulls,149.0
1195,Basnahira South,149.0
5000,Karachi Dolphins,149.0
5194,Worcestershire,149.0
676,Derbyshire,149.0
456,Essex,149.0
2881,Karachi Dolphins,149.0
2150,Delhi,149.0
723,Somerset,149.0
4573,Surrey,149.0
5787,North West,149.0
3789,Pakistan International Airlines,149.0
1594,Titans,149.0
3877,Warwickshire,149.0
3868,Warwickshire,149.0
1340,Warwickshire,149.0
3848,Surrey,149.0
5501,England Lions,149.0
4043,Netherlands,149.0
4787,Warriors,149.0
3609,Griqualand West,149.0
2237,Chennai Super Kings,149.0
4408,Jharkhand,149.0
1973,Lions,149.0
3222,England,149.0
4928,Hyderabad (India),149.0
5614,Sri Lanka Ports Authority Cricket Club,149.0
1268,Royal Challengers Bangalore,149.0
4196,Cape Cobras,149.0
3593,Free State,149.0
1108,New South Wales,149.0
4455,Chennai Super Kings,149.0
4155,Brisbane Heat,149.0
4184,Titans,149.0
1322,Yorkshire,149.0
567,Ragama Cricket Club,149.0
3547,Andhra,149.0
1381,Warwickshire,149.0
197,Lancashire,149.0
3548,Assam,149.0
4804,Adelaide Strikers,149.0
1529,England,149.0
2685,New Zealand,148.0
4389,Haryana,148.0
3825,Sussex,148.0
1574,Sri Lanka Cricket Combined XI,148.0
1781,Australia,148.0
3296,Faisalabad Wolves,148.0
1342,Durham,148.0
604,Goa,148.0
480,England,148.0
3511,Gujarat,148.0
6208,Titans,148.0
3375,Wellington,148.0
5298,Yorkshire,148.0
3004,Pune Warriors,148.0
4631,Yorkshire,148.0
1891,Worcestershire,148.0
587,Lions,148.0
3699,Pune Warriors,148.0
3459,Barisal Burners,148.0
4120,Central Districts,148.0
3938,Rajasthan Royals,148.0
739,Surrey,148.0
241,Surrey,148.0
4268,Border,148.0
2054,Otago,148.0
2266,Kolkata Knight Riders,148.0
950,Deccan Chargers,148.0
2437,Warwickshire,148.0
922,Chennai Super Kings,148.0
1989,Abbottabad Falcons,148.0
4974,Sri Lanka Army,148.0
4838,Perth Scorchers,148.0
5103,St Kitts and Nevis Patriots,148.0
4827,Brisbane Heat,148.0
986,Nottinghamshire,148.0
2520,South Africa,148.0
3224,Australia,147.0
749,Gloucestershire,147.0
3741,Kings XI Punjab,147.0
1228,Delhi Daredevils,147.0
5360,Western Province,147.0
62,Titans,147.0
780,New Zealand,147.0
5025,Delhi Daredevils,147.0
5509,New Zealand,147.0
4740,Northern Districts,147.0
5962,Northamptonshire,147.0
2395,Leicestershire,147.0
3342,Melbourne Stars,147.0
5761,Hong Kong,147.0
4561,Warwickshire,147.0
5005,Karachi Dolphins,147.0
1527,Afghanistan,147.0
5002,Peshawar Panthers,147.0
175,Leicestershire,147.0
4808,Perth Scorchers,147.0
2556,Boland,147.0
5849,Mumbai Indians,147.0
2954,Bloomfield Cricket and Athletic Club,147.0
5570,Assam,147.0
2519,South Africa,147.0
2999,Chennai Super Kings,147.0
969,Leicestershire,147.0
3949,Titans,147.0
2816,Gujarat,147.0
6013,Sussex,147.0
3410,Southern Rocks,147.0
6029,Durham,147.0
2099,Victoria,147.0
5627,Ragama Cricket Club,147.0
813,Northern Districts,147.0
3811,Yorkshire,147.0
5708,Colombo Commandos,147.0
1919,Northamptonshire,147.0
9,Kent,147.0
3861,Sussex,147.0
5315,Azad Jammu & Kashmir Region,147.0
3317,Sydney Sixers,147.0
5848,Sunrisers Hyderabad,146.0
2185,Titans,146.0
4767,Auckland,146.0
1534,Mid West Rhinos,146.0
4553,Hampshire,146.0
5187,Nottinghamshire,146.0
993,Sussex,146.0
3438,Barisal Burners,146.0
5436,Central Districts,146.0
4435,Sunrisers Hyderabad,146.0
4750,Central Districts,146.0
2906,Cape Cobras,146.0
4911,Rajasthan,146.0
2307,Hampshire,146.0
2022,New Zealand,146.0
5427,Dolphins,146.0
1165,Wellington,146.0
5503,England Lions,146.0
5700,Kurunegala Warriors,146.0
4491,Khyber Pakhtunkhwa,146.0
4079,Pakistan,146.0
5858,Sunrisers Hyderabad,146.0
4461,Sunrisers Hyderabad,146.0
4090,Abahani Limited,146.0
4044,Papua New Guinea,146.0
654,Karnataka,146.0
2503,Chennai Super Kings,146.0
2091,Western Australia,146.0
1697,Kings XI Punjab,146.0
4014,Afghanistan,146.0
949,Rajasthan Royals,146.0
5680,Adelaide Strikers,146.0
3443,Khulna Royal Bengals,146.0
767,South Africa,146.0
5120,Canada,146.0
5958,Kent,146.0
2705,Duronto Rajshahi,146.0
1514,Canada,146.0
1414,Kent,146.0
4308,Netherlands,146.0
1912,Leicestershire,146.0
4702,Hobart Hurricanes,146.0
4420,Delhi Daredevils,146.0
3722,Rajasthan Royals,146.0
2757,Italy,146.0
1603,Lions,146.0
4685,Faisalabad Wolves,146.0
5596,Gujarat,146.0
2429,Essex,146.0
4728,Australia,146.0
3914,St Lucia Zouks,146.0
3883,Glamorgan,145.0
4388,Delhi,145.0
1571,Wayamba,145.0
6171,Comilla Victorians,145.0
2372,Glamorgan,145.0
4229,Bahawalpur Stags,145.0
3473,Barisal Burners,145.0
3405,Otago,145.0
4054,Sui Northern Gas Pipelines Limited,145.0
5852,Sunrisers Hyderabad,145.0
3042,Kings XI Punjab,145.0
5987,Derbyshire,145.0
3996,Bermuda,145.0
3655,Knights,145.0
12,Surrey,145.0
206,Middlesex,145.0
4726,Australia,145.0
1469,Auckland,145.0
4072,Khan Research Laboratories,145.0
1171,Central Districts,145.0
3894,Hampshire,145.0
1078,Hyderabad Hawks,145.0
5185,Glamorgan,145.0
3104,Essex,145.0
2106,Andhra,145.0
2225,Pune Warriors,145.0
147,Eagles,145.0
6019,Middlesex,145.0
3660,Titans,145.0
605,Gujarat,145.0
3417,Mountaineers,145.0
3068,Netherlands,145.0
5651,Sinhalese Sports Club,145.0
595,Jammu & Kashmir,144.0
5223,Sussex,144.0
3016,Rajasthan Royals,144.0
991,Worcestershire,144.0
4130,Otago,144.0
500,Hyderabad Hawks,144.0
3539,Railways,144.0
2232,Rajasthan Royals,144.0
347,Abbottabad Rhinos,144.0
5904,England,144.0
2489,Ruhuna,144.0
5420,Cape Cobras,144.0
4938,Odisha,144.0
3301,Peshawar Panthers,144.0
1787,Zimbabwe,144.0
987,Middlesex,144.0
3238,Hampshire,144.0
4950,Sri Lanka Army,144.0
2318,Hampshire,144.0
3268,Lahore Lions,144.0
4661,FATA Cheetas,144.0
3937,Otago,144.0
2605,Canada,144.0
4652,Surrey,144.0
4518,Jamaica Tallawahs,144.0
4037,Hong Kong,144.0
930,Kings XI Punjab,144.0
3799,Hampshire,144.0
6132,Boland,144.0
3747,Rajasthan Royals,144.0
83,Derbyshire,144.0
2726,Barisal Burners,144.0
5671,Hobart Hurricanes,144.0
1837,Glamorgan,144.0
1373,Gloucestershire,144.0
4480,Udarata Rulers,144.0
4613,Derbyshire,144.0
3492,Abbottabad Falcons,143.0
3659,Knights,143.0
5953,Glamorgan,143.0
1797,Combined Campuses and Colleges,143.0
1536,Mashonaland Eagles,143.0
5662,Sydney Sixers,143.0
2123,Orissa,143.0
693,Glamorgan,143.0
2164,Mumbai,143.0
4948,Colts Cricket Club,143.0
1229,Royal Challengers Bangalore,143.0
3975,Sri Lanka,143.0
5960,Glamorgan,143.0
1508,Afghanistan,143.0
6182,Chittagong Vikings,143.0
812,Wellington,143.0
5636,Nondescripts Cricket Club,143.0
5929,Barbados Tridents,143.0
613,Assam,143.0
3433,New Zealand,143.0
5242,Durham,143.0
5612,Moors Sports Club,143.0
2202,Royal Challengers Bangalore,143.0
144,Warriors,143.0
4058,Pakistan Television,143.0
3614,South Western Districts,143.0
1742,Chennai Super Kings,143.0
972,Yorkshire,143.0
6096,Karachi Whites,143.0
903,Deccan Chargers,143.0
5975,Sussex,143.0
6085,Lahore Blues,143.0
4192,Titans,143.0
1903,Sussex,143.0
4993,Bangladesh,143.0
4781,Warriors,143.0
1046,Worcestershire,142.0
1998,Faisalabad Wolves,142.0
1346,Worcestershire,142.0
5770,India,142.0
3369,Barbados,142.0
5175,Lancashire,142.0
5176,Nottinghamshire,142.0
2276,Faisalabad Wolves,142.0
3829,Middlesex,142.0
1235,Deccan Chargers,142.0
1081,Islamabad Leopards,142.0
4166,Melbourne Stars,142.0
5307,Larkana Region,142.0
4379,Baroda,142.0
4376,Delhi,142.0
1548,Australia,142.0
448,Nottinghamshire,142.0
6192,Cape Cobras,142.0
2039,Northern Districts,142.0
258,Faisalabad Wolves,142.0
3932,Faisalabad Wolves,142.0
235,Derbyshire,142.0
5138,Scotland,142.0
1700,Rajasthan Royals,142.0
984,Surrey,142.0
5486,Comilla Victorians,142.0
3096,Derbyshire,142.0
2923,Knights,142.0
6083,Islamabad,142.0
4458,Kolkata Knight Riders,142.0
169,Lahore Eagles,142.0
4460,Chennai Super Kings,142.0
3955,Rajasthan Royals,142.0
2534,Pakistan,142.0
3027,Mumbai Indians,142.0
2188,Cape Cobras,142.0
5573,Hyderabad (India),142.0
4062,Khan Research Laboratories,142.0
2982,Deccan Chargers,142.0
4758,Otago,142.0
4004,United Arab Emirates,142.0
611,Rajasthan,142.0
2148,Assam,142.0
1882,Worcestershire,142.0
6176,Comilla Victorians,142.0
2412,Kent,142.0
4431,Chennai Super Kings,142.0
2790,Kenya,141.0
4721,Kolkata Knight Riders,141.0
4925,Railways,141.0
748,Kent,141.0
2710,Dhaka Gladiators,141.0
3521,Assam,141.0
2386,Derbyshire,141.0
3948,Lions,141.0
3494,Abbottabad Falcons,141.0
4686,Bahawalpur Stags,141.0
372,Peshawar Panthers,141.0
2587,Easterns,141.0
5853,Kings XI Punjab,141.0
5582,Hyderabad (India),141.0
2196,Deccan Chargers,141.0
5079,Netherlands,141.0
5714,Mashonaland Eagles,141.0
2303,Canada,141.0
1666,Madhya Pradesh,141.0
4243,Karachi Zebras,141.0
1481,Central Districts,141.0
1247,Chennai Super Kings,141.0
4269,Eastern Province,141.0
926,Rajasthan Royals,141.0
4961,Colts Cricket Club,141.0
4353,Madhya Pradesh,141.0
3255,Chennai Super Kings,141.0
5349,Faisalabad Region,141.0
1516,Canada,141.0
3121,Somerset,141.0
2761,Netherlands,141.0
3221,Australia,141.0
4325,Bangladesh,141.0
4815,Adelaide Strikers,141.0
3248,Lions,141.0
6035,Somerset,141.0
3087,Somerset,141.0
1089,Pakistan,141.0
536,Otago,141.0
3066,Ireland,141.0
2235,Delhi Daredevils,141.0
5494,Barisal Bulls,141.0
174,Kent,141.0
778,Bangladesh,141.0
1054,Durham,141.0
4007,Nepal,141.0
4363,Hyderabad (India),141.0
5370,Northern Cape,140.0
5279,Lancashire,140.0
2080,Jamaica,140.0
3950,Brisbane Heat,140.0
5067,Chennai Super Kings,140.0
5537,Haryana,140.0
3874,Surrey,140.0
1651,Madhya Pradesh,140.0
3464,Khulna Royal Bengals,140.0
3778,United Bank Limited,140.0
6097,Federally Administered Tribal Areas,140.0
4084,Abahani Limited,140.0
3798,Canada,140.0
3486,Afghanistan,140.0
5580,Assam,140.0
615,Goa,140.0
5441,Otago,140.0
4665,FATA Cheetas,140.0
4734,New Zealand,140.0
545,Sinhalese Sports Club,140.0
1576,Sri Lanka Cricket Combined XI,140.0
1468,Northern Districts,140.0
5434,Central Districts,140.0
3037,Delhi Daredevils,140.0
573,Cape Cobras,140.0
4779,Knights,140.0
5793,Namibia,140.0
1272,Lahore Eagles,140.0
5455,Wellington,140.0
585,Cape Cobras,140.0
3014,Chennai Super Kings,140.0
609,Madhya Pradesh,140.0
961,Kent,140.0
5686,Melbourne Stars,140.0
2650,Sydney Sixers,140.0
3290,Bahawalpur Stags,140.0
4495,Guyana Amazon Warriors,140.0
1043,Surrey,140.0
5484,Sylhet Super Stars,140.0
6146,Dhaka Dynamites,139.0
744,Nottinghamshire,139.0
5144,Scotland,139.0
3171,Uva Next,139.0
759,Australia,139.0
1436,Royal Challengers Bangalore,139.0
1649,Assam,139.0
4276,Gauteng,139.0
3697,Kings XI Punjab,139.0
738,Northamptonshire,139.0
4764,Central Districts,139.0
6076,England,139.0
5917,Guyana Amazon Warriors,139.0
2594,Guyana,139.0
5896,Delhi Daredevils,139.0
5577,Kerala,139.0
6091,Lahore Blues,139.0
5431,Titans,139.0
4053,Khan Research Laboratories,139.0
4990,Badureliya Sports Club,139.0
5098,St Kitts and Nevis Patriots,139.0
5233,Worcestershire,139.0
751,Kenya,139.0
1368,Warwickshire,139.0
4696,Lahore Lions,139.0
3406,Australia,139.0
1314,Pakistan,139.0
4717,Cape Cobras,139.0
3287,Abbottabad Falcons,139.0
4298,Free State,139.0
1736,Deccan Chargers,139.0
1755,New Zealand,139.0
5739,Quetta Gladiators,139.0
4897,Bengal,139.0
3243,Auckland,139.0
2064,Combined Campuses and Colleges,139.0
2662,Hobart Hurricanes,139.0
398,Durham,139.0
2316,Northamptonshire,139.0
1894,Somerset,139.0
4284,Boland,138.0
3648,Warriors,138.0
1598,Cape Cobras,138.0
4681,AJK Jaguars,138.0
4001,Nepal,138.0
2950,Bloomfield Cricket and Athletic Club,138.0
4523,Jamaica Tallawahs,138.0
2941,Saracens Sports Club,138.0
4512,Jamaica Tallawahs,138.0
2511,Cape Cobras,138.0
4078,Afghanistan,138.0
4296,Border,138.0
3112,Kent,138.0
4288,South Western Districts,138.0
6219,Warriors,138.0
630,Uttar Pradesh,138.0
5592,Jharkhand,138.0
4197,Knights,138.0
4720,Barbados Tridents,138.0
2256,Pune Warriors,138.0
912,Kolkata Knight Riders,138.0
2140,Delhi,138.0
4275,Boland,138.0
1634,Delhi,138.0
5136,Netherlands,138.0
908,Royal Challengers Bangalore,138.0
4845,Boland,138.0
1198,Easterns (Zimbabwe),138.0
4641,Middlesex,138.0
1943,Derbyshire,138.0
5933,St Kitts and Nevis Patriots,138.0
3982,Canada,138.0
1294,Bangladesh,138.0
4547,Worcestershire,138.0
3968,Sri Lanka A,138.0
3529,Madhya Pradesh,138.0
3856,Derbyshire,137.0
4628,Surrey,137.0
2768,Italy,137.0
1319,Hampshire,137.0
4745,Otago,137.0
119,Burgher Recreation Club,137.0
5855,Gujarat Lions,137.0
141,Warriors,137.0
5496,Barisal Bulls,137.0
5439,Canterbury,137.0
4509,Trinidad & Tobago Red Steel,137.0
5719,Matabeleland Tuskers,137.0
2935,Colombo Cricket Club,137.0
3644,Cape Cobras,137.0
4595,Surrey,137.0
2105,Kerala,137.0
2900,Impi,137.0
3730,Delhi Daredevils,137.0
882,Kandurata,137.0
2247,Deccan Chargers,137.0
3329,Melbourne Renegades,137.0
1047,Nottinghamshire,137.0
3455,Chittagong Kings,137.0
5262,Sussex,137.0
451,Yorkshire,137.0
2270,England,137.0
417,Nottinghamshire,137.0
3289,Faisalabad Wolves,137.0
4823,Perth Scorchers,137.0
3402,Auckland,137.0
3303,Islamabad Leopards,137.0
5160,Namibia,137.0
1413,Northamptonshire,137.0
591,Delhi,137.0
1271,Karachi Zebras,137.0
2988,Kolkata Knight Riders,137.0
1402,Leicestershire,137.0
2794,Canada,136.0
5391,Bangladesh,136.0
764,Australia,136.0
5781,Gauteng,136.0
4578,Warwickshire,136.0
3220,Pakistan,136.0
1273,Lahore Lions,136.0
2847,Railways,136.0
3234,Auckland,136.0
5794,Boland,136.0
5137,Canada,136.0
5776,Namibia,136.0
34,Middlesex,136.0
5390,Bangladesh,136.0
5241,Warwickshire,136.0
280,Sebastianites Cricket and Athletic Club,136.0
3331,Adelaide Strikers,136.0
3336,Sydney Thunder,136.0
2049,Northern Districts,136.0
4260,Border,136.0
6000,Essex,136.0
884,Basnahira South,136.0
5991,Somerset,136.0
1204,Easterns (Zimbabwe),136.0
4988,Sri Lanka Air Force Sports Club,136.0
5488,Rangpur Riders,136.0
2496,Cape Cobras,136.0
1698,Kolkata Knight Riders,136.0
4765,Northern Districts,136.0
1859,Sussex,136.0
4071,Pakistan International Airlines,136.0
2893,Warriors,136.0
3545,Himachal Pradesh,136.0
110,Essex,136.0
2872,Lahore Lions,136.0
3559,Andhra,136.0
1750,Kolkata Knight Riders,135.0
1648,Railways,135.0
1904,Derbyshire,135.0
668,Punjab,135.0
5303,Northamptonshire,135.0
3440,Chittagong Kings,135.0
5365,Boland,135.0
1262,Royal Challengers Bangalore,135.0
2899,Knights,135.0
2478,Afghan Cheetas,135.0
2337,Worcestershire,135.0
3323,Melbourne Stars,135.0
2104,Goa,135.0
5130,Canada,135.0
5731,South Africa,135.0
2682,Australia,135.0
577,Warriors,135.0
2212,Kochi Tuskers Kerala,135.0
2518,Bangladesh,135.0
608,Hyderabad (India),135.0
2530,Namibia,135.0
2967,Colombo Cricket Club,135.0
6066,Northamptonshire,135.0
788,South Australia,135.0
35,Warwickshire,135.0
2577,Western Province,135.0
4422,Sunrisers Hyderabad,135.0
2005,Australia,135.0
6168,Barisal Bulls,135.0
5437,Canterbury,135.0
6172,Chittagong Vikings,135.0
2431,Derbyshire,135.0
1023,Gloucestershire,135.0
2807,Karnataka,135.0
5438,Central Districts,135.0
4797,Cape Cobras,135.0
4161,Melbourne Stars,135.0
5786,Northerns,135.0
418,Surrey,135.0
6177,Dhaka Dynamites,135.0
1806,Barbados,135.0
118,Bloomfield Cricket and Athletic Club,135.0
6115,North West,135.0
4344,Delhi,135.0
127,Colts Cricket Club,135.0
3532,Andhra,135.0
3760,Rajasthan Royals,135.0
638,Karnataka,135.0
5254,Middlesex,134.0
4694,Lahore Lions,134.0
5061,Kings XI Punjab,134.0
5376,Free State,134.0
5392,United Arab Emirates,134.0
5030,Rajasthan Royals,134.0
5452,Canterbury,134.0
4285,KwaZulu-Natal Inland,134.0
4581,Worcestershire,134.0
6134,Boland,134.0
5329,Faisalabad Region,134.0
4336,India,134.0
5536,Gujarat,134.0
5590,Jharkhand,134.0
3923,Jamaica Tallawahs,134.0
6225,Canterbury,134.0
2280,Multan Tigers,134.0
2151,Punjab,134.0
3597,Border,134.0
1379,Northamptonshire,134.0
2401,Worcestershire,134.0
1692,Khulna Division,134.0
803,South Africa,134.0
2000,Islamabad Leopards,134.0
260,South Africa,134.0
3314,India,134.0
1017,Warwickshire,134.0
721,Durham,134.0
2260,Mumbai Indians,134.0
135,Lions,134.0
1348,Derbyshire,134.0
644,Bengal,134.0
2422,Sussex,134.0
3251,Lions,134.0
172,Derbyshire,134.0
2030,Otago,134.0
3549,Baroda,134.0
2134,Haryana,134.0
3512,Hyderabad (India),134.0
2785,Hong Kong,134.0
2796,Nepal,133.0
752,Kenya,133.0
3569,Karnataka,133.0
1433,Eagles,133.0
4048,United Arab Emirates,133.0
3872,Nottinghamshire,133.0
259,Chilaw Marians Cricket Club,133.0
4700,Mumbai Indians,133.0
2596,Combined Campuses and Colleges,133.0
1944,Durham,133.0
6108,Lahore Whites,133.0
1521,Kenya,133.0
1352,Kent,133.0
1677,Chittagong Division,133.0
3663,Knights,133.0
4247,Abbottabad Falcons,133.0
981,Essex,133.0
1432,Royal Challengers Bangalore,133.0
5535,Assam,133.0
1347,Glamorgan,133.0
1747,Kolkata Knight Riders,133.0
3645,Knights,133.0
3782,Khan Research Labs,133.0
283,Chilaw Marians Cricket Club,133.0
3771,Pakistan International Airlines,133.0
1093,Pakistan,133.0
276,Ragama Cricket Club,133.0
5330,Multan Region,133.0
805,Northern Districts,133.0
5515,Rajasthan,133.0
3733,Kolkata Knight Riders,133.0
566,Ragama Cricket Club,132.0
1354,Somerset,132.0
184,Gloucestershire,132.0
5919,Jamaica Tallawahs,132.0
435,Derbyshire,132.0
328,Eagles,132.0
1398,Hampshire,132.0
1161,Auckland,132.0
1112,Western Australia,132.0
6055,Middlesex,132.0
526,South Africa,132.0
5574,Jharkhand,132.0
262,Burgher Recreation Club,132.0
5945,Lancashire,132.0
2873,Lahore Eagles,132.0
5626,Tamil Union Cricket and Athletic Club,132.0
3630,Western Province,132.0
1743,Rajasthan Royals,132.0
4689,Abbottabad Falcons,132.0
2689,Kenya,132.0
3572,Baroda,132.0
2755,Hong Kong,132.0
978,Somerset,132.0
1857,Durham,132.0
2477,Islamabad Leopards,132.0
4346,Andhra,132.0
1523,Afghanistan,132.0
3826,Warwickshire,132.0
3059,Bangladesh XI,132.0
4688,Islamabad Leopards,132.0
2131,Himachal Pradesh,132.0
1208,Northerns (Zimbabwe),132.0
3758,Sunrisers Hyderabad,132.0
1582,Basnahira North,132.0
863,Dolphins,132.0
4307,Bangladesh,132.0
5733,Islamabad United,132.0
3116,Durham,132.0
2031,Central Districts,132.0
899,Delhi Daredevils,132.0
1254,Royal Challengers Bangalore,132.0
140,Eagles,132.0
4977,Sri Lanka Air Force Sports Club,132.0
1779,England,132.0
717,Kent,132.0
2741,Oman,132.0
1982,Warriors,132.0
2116,Goa,132.0
3969,Sri Lanka A,132.0
4301,Gauteng,132.0
2714,Dhaka Gladiators,132.0
2574,KwaZulu-Natal Inland,132.0
1133,Warriors,131.0
3515,Railways,131.0
4132,Australia,131.0
849,Easterns (Zimbabwe),131.0
4250,Faisalabad Wolves,131.0
5734,Karachi Kings,131.0
5769,Pakistan,131.0
743,Gloucestershire,131.0
555,Bloomfield Cricket and Athletic Club,131.0
2409,Leicestershire,131.0
784,South Africa,131.0
792,Tasmania,131.0
5771,Bangladesh,131.0
4314,India,131.0
3069,Netherlands,131.0
5748,Islamabad United,131.0
3052,West Indies A,131.0
3483,West Indies,131.0
1577,Wayamba,131.0
4164,Sydney Thunder,131.0
827,St Kitts,131.0
1580,Basnahira South,131.0
5361,Easterns,131.0
2806,Goa,131.0
2700,Barisal Burners,131.0
5019,Sunrisers Hyderabad,131.0
3563,Uttar Pradesh,131.0
5180,Yorkshire,131.0
6136,Boland,131.0
3935,Faisalabad Wolves,131.0
3060,Zimbabwe XI,130.0
2964,Kurunegala Youth Cricket Club,130.0
1927,Kent,130.0
2955,Colts Cricket Club,130.0
3223,Sri Lanka,130.0
2632,Northern Districts,130.0
1185,Wayamba,130.0
2136,Baroda,130.0
5163,Afghanistan,130.0
4063,National Bank of Pakistan,130.0
3650,Warriors,130.0
1476,Canterbury,130.0
1528,England,130.0
4773,Cape Cobras,130.0
1403,Middlesex,130.0
2394,Northamptonshire,130.0
4719,Lahore Lions,130.0
3664,Cape Cobras,130.0
4783,Lions,130.0
1852,Middlesex,130.0
1655,Delhi,130.0
2829,Haryana,130.0
4089,Mohammedan Sporting Club,130.0
1364,Essex,130.0
4085,Mohammedan Sporting Club,130.0
5699,Galle Guardians,130.0
5749,Quetta Gladiators,130.0
4506,Barbados Tridents,130.0
4318,India,130.0
6145,Comilla Victorians,130.0
3729,Sunrisers Hyderabad,130.0
3666,Warriors,130.0
5374,Free State,130.0
6078,Sri Lanka,130.0
3225,India,129.0
5798,Free State,129.0
3687,Kolkata Knight Riders,129.0
3909,Guyana Amazon Warriors,129.0
103,Durham,129.0
2469,Lahore Eagles,129.0
4599,Durham,129.0
4679,Lahore Eagles,129.0
63,Western Province Boland,129.0
1190,Basnahira North,129.0
2187,Warriors,129.0
5520,Kerala,129.0
5325,Bahawalpur Region,129.0
1335,Leicestershire,129.0
3926,Jamaica Tallawahs,129.0
2570,KwaZulu-Natal,129.0
1958,England,129.0
1435,Cape Cobras,129.0
5165,Ireland,129.0
2677,Melbourne Stars,129.0
2936,Moors Sports Club,129.0
4105,Wellington,129.0
3578,Baroda,129.0
19,Gloucestershire,129.0
2070,Canada,129.0
3871,Gloucestershire,129.0
1159,Canterbury,129.0
3873,Glamorgan,129.0
294,Nondescripts Cricket Club,129.0
5620,Nondescripts Cricket Club,129.0
6120,Border,129.0
6162,Rangpur Riders,129.0
2580,Griqualand West,129.0
234,Glamorgan,129.0
4856,Boland,129.0
5874,Sunrisers Hyderabad,129.0
6184,Khulna Titans,129.0
3197,Trinidad & Tobago,129.0
6105,Lahore Blues,129.0
4340,Gujarat,129.0
2263,Royal Challengers Bangalore,129.0
4258,South Africa,129.0
4391,Assam,128.0
1280,Quetta Bears,128.0
2158,Delhi,128.0
871,Cape Cobras,128.0
6169,Rangpur Riders,128.0
76,Kent,128.0
5717,Mountaineers,128.0
859,Dolphins,128.0
5197,Derbyshire,128.0
2824,Madhya Pradesh,128.0
1640,Services,128.0
3517,Rajasthan,128.0
3586,Gujarat,128.0
1868,Derbyshire,128.0
507,Karachi Dolphins,128.0
4933,Gujarat,128.0
3487,Canada,128.0
6027,Nottinghamshire,128.0
4945,Andhra,128.0
2871,Faisalabad Wolves,128.0
4548,Yorkshire,128.0
5265,Worcestershire,128.0
3266,Islamabad Leopards,128.0
2244,Royal Challengers Bangalore,128.0
5154,Hong Kong,128.0
5161,Afghanistan,128.0
2443,Derbyshire,128.0
1985,Multan Tigers,128.0
5119,Ireland,128.0
3041,Deccan Chargers,128.0
1345,Sussex,128.0
5540,Mumbai,128.0
3343,Brisbane Heat,128.0
5784,Easterns,128.0
2461,England,128.0
737,Middlesex,128.0
4892,Kerala,128.0
960,Surrey,127.0
2877,Karachi Dolphins,127.0
889,Ruhuna,127.0
3002,Deccan Chargers,127.0
1498,Kenya,127.0
3029,Rajasthan Royals,127.0
4436,Kings XI Punjab,127.0
2995,Kings XI Punjab,127.0
1491,Otago,127.0
2919,Titans,127.0
921,Royal Challengers Bangalore,127.0
1136,Warriors,127.0
956,England,127.0
5757,North Island,127.0
2189,Dolphins,127.0
3334,Sydney Thunder,127.0
5826,Sri Lanka,127.0
6103,Federally Administered Tribal Areas,127.0
5746,Karachi Kings,127.0
2521,Zimbabwe,127.0
1863,Lancashire,127.0
3964,Sri Lanka A,127.0
1686,Dhaka Division,127.0
2331,Northamptonshire,127.0
3711,Sunrisers Hyderabad,127.0
2184,Cape Cobras,127.0
362,Peshawar Panthers,127.0
2166,Madhya Pradesh,127.0
3854,Surrey,127.0
5883,Mumbai Indians,127.0
3866,Lancashire,127.0
491,South Africa,127.0
4290,Gauteng,127.0
3579,Kerala,126.0
406,Sussex,126.0
5998,Leicestershire,126.0
3522,Goa,126.0
1503,Kenya,126.0
4055,Khan Research Laboratories,126.0
4038,Italy,126.0
2699,Dhaka Gladiators,126.0
544,Chilaw Marians Cricket Club,126.0
2706,Barisal Burners,126.0
3704,Rajasthan Royals,126.0
6156,Comilla Victorians,126.0
3837,Glamorgan,126.0
1283,Lahore Lions,126.0
2118,Baroda,126.0
5,Gloucestershire,126.0
1085,Karachi Dolphins,126.0
1792,Jamaica,126.0
3365,Trinidad & Tobago,126.0
3452,Sylhet Royals,126.0
5841,Mumbai Indians,126.0
656,Haryana,126.0
3285,Karachi Zebras,126.0
951,Royal Challengers Bangalore,126.0
1530,Mountaineers,126.0
3025,Pune Warriors,126.0
1597,Eagles,126.0
3178,Uthura Rudras,126.0
3166,Hampshire,126.0
4434,Delhi Daredevils,126.0
2492,Auckland,126.0
5673,Melbourne Stars,126.0
3207,Australia,125.0
5722,Mashonaland Eagles,125.0
2717,Duronto Rajshahi,125.0
5707,Galle Guardians,125.0
4766,Northern Districts,125.0
5129,Netherlands,125.0
2590,Northerns,125.0
6143,Rangpur Riders,125.0
94,Warwickshire,125.0
4662,Karachi Dolphins,125.0
2004,Pakistan,125.0
6174,Comilla Victorians,125.0
1285,Islamabad Leopards,125.0
3154,Middlesex,125.0
3117,Gloucestershire,125.0
1249,Delhi Daredevils,125.0
3966,Sri Lanka A,125.0
4496,Trinidad & Tobago Red Steel,125.0
3620,KwaZulu-Natal,125.0
543,Bloomfield Cricket and Athletic Club,125.0
5610,Colts Cricket Club,125.0
151,Titans,125.0
5891,Gujarat Lions,125.0
3489,United Arab Emirates,125.0
4016,Bermuda,125.0
1378,Sussex,125.0
3628,Northerns,125.0
2882,Rawalpindi Rams,125.0
2411,Sussex,125.0
495,Multan Tigers,125.0
3510,Goa,125.0
5097,Trinidad & Tobago Red Steel,124.0
1566,Karachi Dolphins,124.0
2400,Middlesex,124.0
2398,Gloucestershire,124.0
1366,Lancashire,124.0
2730,Uganda,124.0
1505,Afghanistan,124.0
5191,Leicestershire,124.0
1384,Nottinghamshire,124.0
4901,Punjab,124.0
2471,Lahore Lions,124.0
4960,Badureliya Sports Club,124.0
1995,Abbottabad Falcons,124.0
5139,Ireland,124.0
2215,Mumbai Indians,124.0
2100,New South Wales,124.0
626,Himachal Pradesh,124.0
2866,Mumbai,124.0
2905,Titans,124.0
2925,Dolphins,124.0
4299,Namibia,124.0
769,Australia,124.0
3261,Lions,124.0
4342,Maharashtra,124.0
2838,Himachal Pradesh,124.0
4087,Prime Bank Cricket Club,124.0
1033,Derbyshire,124.0
4045,Hong Kong,124.0
847,Centrals,124.0
212,Yorkshire,124.0
3184,Basnahira Cricket Dundee,124.0
3712,Kolkata Knight Riders,124.0
3132,Lancashire,124.0
11,Nottinghamshire,124.0
838,Jamaica,123.0
4365,Haryana,123.0
4354,Delhi,123.0
2537,Mashonaland Eagles,123.0
3253,Delhi Daredevils,123.0
855,Warriors,123.0
5799,KwaZulu-Natal,123.0
1670,Madhya Pradesh,123.0
5832,South Africa,123.0
636,Jammu & Kashmir,123.0
3713,Royal Challengers Bangalore,123.0
6101,Lahore Blues,123.0
5156,Ireland,123.0
4947,Gujarat,123.0
6023,Northamptonshire,123.0
4927,Andhra,123.0
2338,Lancashire,123.0
348,Faisalabad Wolves,123.0
5967,Leicestershire,123.0
387,Yorkshire,123.0
5963,Derbyshire,123.0
1824,Derbyshire,123.0
3421,Mid West Rhinos,123.0
4215,Bangladesh,123.0
3102,Worcestershire,123.0
890,Basnahira North,123.0
3235,Auckland,123.0
5563,Haryana,123.0
1256,Delhi Daredevils,123.0
3039,Kings XI Punjab,123.0
1007,Durham,123.0
1174,West Indies,123.0
2864,Madhya Pradesh,123.0
5837,South Africa,122.0
4794,Dolphins,122.0
2937,Saracens Sports Club,122.0
5774,Bangladesh,122.0
3306,Multan Tigers,122.0
1585,Basnahira South,122.0
1153,Canterbury,122.0
5121,Nepal,122.0
1924,Sussex,122.0
2752,Denmark,122.0
1252,Kings XI Punjab,122.0
1096,Middlesex,122.0
3412,Southern Rocks,122.0
4002,Italy,122.0
1180,Basnahira North,122.0
3533,Assam,122.0
4671,Hyderabad Hawks,122.0
274,Panadura Sports Club,122.0
5519,Karnataka,122.0
2808,Andhra,122.0
2822,Delhi,122.0
70,Nottinghamshire,122.0
742,Yorkshire,122.0
4407,Bengal,122.0
3196,Afghanistan,122.0
3113,Lancashire,122.0
52,Eastern Cape,122.0
3840,Hampshire,122.0
4760,Central Districts,122.0
1557,Karachi Dolphins,122.0
48,Western Province Boland,122.0
1012,Derbyshire,122.0
3409,Mashonaland Eagles,121.0
2138,Assam,121.0
2292,Basnahira,121.0
1561,Abbottabad Rhinos,121.0
1913,Surrey,121.0
5091,St Lucia Zouks,121.0
3642,Warriors,121.0
356,Lahore Lions,121.0
1511,Scotland,121.0
5543,Jharkhand,121.0
2711,Barisal Burners,121.0
1206,Easterns (Zimbabwe),121.0
1856,Worcestershire,121.0
3986,United Arab Emirates,121.0
4552,Surrey,121.0
1182,Wayamba,121.0
4759,Canterbury,121.0
2330,Hampshire,121.0
1560,Lahore Lions,121.0
93,Middlesex,121.0
4343,Rajasthan,121.0
2523,India,121.0
5663,Sydney Thunder,121.0
3718,Delhi Daredevils,121.0
6003,Surrey,121.0
1531,Matabeleland Tuskers,121.0
3815,Glamorgan,121.0
4924,Goa,121.0
1282,Hyderabad Hawks,121.0
3952,Rajasthan Royals,121.0
112,Hampshire,121.0
126,Bloomfield Cricket and Athletic Club,121.0
5551,Jammu & Kashmir,121.0
6030,Glamorgan,120.0
26,Essex,120.0
3908,Antigua Hawksbills,120.0
266,Moors Sports Club,120.0
4023,Canada,120.0
3869,Durham,120.0
2800,Hyderabad (India),120.0
2245,Kings XI Punjab,120.0
29,Somerset,120.0
3831,Worcestershire,120.0
6089,Federally Administered Tribal Areas,120.0
3651,Cape Cobras,120.0
4630,Leicestershire,120.0
3802,Yorkshire,120.0
2003,Pakistan,120.0
6165,Barisal Bulls,120.0
2231,Kolkata Knight Riders,120.0
1482,Northern Districts,120.0
5999,Derbyshire,120.0
3159,Worcestershire,120.0
1357,Sussex,120.0
3277,Abbottabad Falcons,120.0
1130,Dolphins,120.0
3373,Guyana,120.0
1688,Barisal Division,120.0
4193,Titans,120.0
4402,Jharkhand,120.0
508,Lahore Lions,120.0
2875,Faisalabad Wolves,120.0
4110,Otago,120.0
3089,Kent,120.0
5057,Delhi Daredevils,120.0
1900,Durham,120.0
2722,Dhaka Gladiators,120.0
4908,Goa,120.0
2086,Queensland,119.0
4473,Kings XI Punjab,119.0
888,Basnahira South,119.0
3203,England,119.0
1549,New Zealand,119.0
4349,Odisha,119.0
47,Surrey,119.0
4513,St Lucia Zouks,119.0
4991,Colts Cricket Club,119.0
5039,Delhi Daredevils,119.0
2585,Northerns,119.0
5304,Hampshire,119.0
3592,Eastern Province,119.0
610,Maharashtra,119.0
1317,West Indies,119.0
2259,Pune Warriors,119.0
191,Surrey,119.0
4172,Warriors,119.0
5504,England Lions,119.0
5811,Afghanistan,119.0
551,Badureliya Sports Club,119.0
4270,Northerns,119.0
3957,Chennai Super Kings,119.0
5824,India,119.0
5737,Lahore Qalandars,118.0
277,Colombo Cricket Club,118.0
424,Lancashire,118.0
250,Lancashire,118.0
5359,Northerns,118.0
95,Durham,118.0
5661,Perth Scorchers,118.0
1057,Ireland,118.0
1681,Barisal Division,118.0
6191,Dolphins,118.0
5648,Ragama Cricket Club,118.0
5113,Guyana Amazon Warriors,118.0
5743,Islamabad United,118.0
1245,Delhi Daredevils,118.0
388,Derbyshire,118.0
2007,West Indies A,118.0
4312,United Arab Emirates,118.0
4501,Guyana Amazon Warriors,118.0
2969,Police Sports Club,118.0
2860,Assam,118.0
4361,Railways,118.0
2611,Jamaica,118.0
3371,Guyana,118.0
4922,Karnataka,118.0
4814,Melbourne Renegades,118.0
4052,Habib Bank Limited,118.0
3906,Guyana Amazon Warriors,118.0
3131,Durham,117.0
1813,Hampshire,117.0
4068,Port Qasim Authority,117.0
735,Gloucestershire,117.0
2734,Bermuda,117.0
5697,Hambantota Troopers,117.0
3340,Perth Scorchers,117.0
4399,Goa,117.0
4891,Baroda,117.0
653,Gujarat,117.0
814,Wellington,117.0
3322,Sydney Thunder,117.0
4716,Barbados Tridents,117.0
3646,Titans,117.0
5408,Lions,117.0
1360,Yorkshire,117.0
5164,Hong Kong,117.0
4251,West Indies,117.0
4074,Habib Bank Limited,117.0
3888,Sussex,117.0
1137,Dolphins,117.0
3084,Durham,117.0
4244,Islamabad Leopards,117.0
627,Karnataka,117.0
616,Hyderabad (India),117.0
3833,Yorkshire,117.0
3376,Wellington,117.0
3471,Barisal Burners,117.0
5277,Gloucestershire,117.0
546,Tamil Union Cricket and Athletic Club,117.0
4739,Canterbury,116.0
511,New Zealand,116.0
447,Middlesex,116.0
432,Surrey,116.0
3546,Punjab,116.0
548,Moors Sports Club,116.0
324,Titans,116.0
2536,Mid West Rhinos,116.0
597,Madhya Pradesh,116.0
4281,KwaZulu-Natal,116.0
5240,Glamorgan,116.0
1757,Afghanistan,116.0
3629,South Western Districts,116.0
468,Guyana,116.0
55,Eastern Cape,116.0
3114,Northamptonshire,116.0
3746,Kolkata Knight Riders,116.0
954,Chennai Super Kings,116.0
5132,Namibia,116.0
3744,Pune Warriors,116.0
895,Basnahira North,116.0
4423,Royal Challengers Bangalore,116.0
2170,Haryana,116.0
965,Middlesex,116.0
6110,Pakistan,116.0
2987,Kings XI Punjab,116.0
3823,Derbyshire,116.0
1008,Derbyshire,116.0
159,Lahore Lions,116.0
1942,Nottinghamshire,116.0
2637,Northern Districts,116.0
5518,Haryana,116.0
2062,Barbados,116.0
5276,Northamptonshire,115.0
366,Hyderabad Hawks,115.0
641,Punjab,115.0
3467,Barisal Burners,115.0
2974,Chennai Super Kings,115.0
642,Railways,115.0
2792,Ireland,115.0
3032,Chennai Super Kings,115.0
3855,Warwickshire,115.0
44,Sussex,115.0
5041,Royal Challengers Bangalore,115.0
3286,Lahore Eagles,115.0
5754,Islamabad United,115.0
3298,Islamabad Leopards,115.0
267,Sri Lanka Air Force Sports Club,115.0
1953,Somerset,115.0
148,Western Province Boland,115.0
137,Western Province Boland,115.0
876,Dolphins,115.0
1630,Punjab,115.0
1820,Glamorgan,115.0
128,Chilaw Marians Cricket Club,115.0
3700,Delhi Daredevils,115.0
2846,Punjab,114.0
2836,Railways,114.0
4519,Antigua Hawksbills,114.0
501,Karachi Dolphins,114.0
563,Burgher Recreation Club,114.0
2109,Andhra,114.0
4311,Bangladesh,114.0
4741,Canterbury,114.0
2597,Canada,114.0
646,Haryana,114.0
1301,England,114.0
3324,Sydney Sixers,114.0
5669,Perth Scorchers,114.0
2863,Bengal,114.0
2153,Baroda,114.0
4010,Hong Kong,114.0
307,Victoria,114.0
1826,Worcestershire,114.0
3921,Jamaica Tallawahs,114.0
4888,Goa,114.0
3596,Namibia,114.0
5996,Glamorgan,114.0
3615,Western Province,114.0
314,Northern Districts,114.0
3669,Kenya,114.0
5064,Sunrisers Hyderabad,114.0
5481,Rangpur Riders,113.0
2306,Canada,113.0
5513,Maharashtra,113.0
1299,India,113.0
4985,Colombo Cricket Club,113.0
5847,Delhi Daredevils,113.0
4536,Gloucestershire,113.0
2727,Afghanistan,113.0
1744,Chennai Super Kings,113.0
5544,Kerala,113.0
5578,Rajasthan,113.0
339,Eagles,113.0
4262,KwaZulu-Natal Inland,113.0
2199,Pune Warriors,113.0
2048,Central Districts,113.0
1120,Queensland,113.0
2938,Burgher Recreation Club,113.0
3902,Kandurata Maroons,113.0
3280,Karachi Zebras,112.0
87,Durham,112.0
973,Derbyshire,112.0
162,Multan Tigers,112.0
5109,Guyana Amazon Warriors,112.0
1437,New South Wales,112.0
1341,Yorkshire,112.0
3987,Bermuda,112.0
900,Kolkata Knight Riders,112.0
5468,Dhaka Dynamites,112.0
2095,Tasmania,112.0
4869,Himachal Pradesh,112.0
4839,Griqualand West,112.0
1786,Zimbabwe,112.0
1080,Lahore Eagles,112.0
1738,Delhi Daredevils,112.0
6179,Chittagong Vikings,112.0
2857,Jammu & Kashmir,112.0
5317,Dera Murad Jamali Region,112.0
409,Middlesex,111.0
3130,Glamorgan,111.0
3560,Delhi,111.0
349,Lahore Lions,111.0
1172,Northern Districts,111.0
4757,Wellington,111.0
3983,Hong Kong,111.0
3777,Habib Bank Limited,111.0
2222,Rajasthan Royals,111.0
2146,Orissa,111.0
5775,KwaZulu-Natal,111.0
3605,Gauteng,111.0
2984,Delhi Daredevils,111.0
5557,Gujarat,111.0
298,Police Sports Club,111.0
4896,Andhra,111.0
1791,Canada,111.0
4882,Maharashtra,111.0
2956,Moors Sports Club,111.0
887,Basnahira South,111.0
5142,Hong Kong,110.0
920,Rajasthan Royals,110.0
1090,Pakistan,110.0
4994,Abbottabad Falcons,110.0
5117,Scotland,110.0
1063,Netherlands,110.0
4597,Sussex,110.0
4644,Glamorgan,110.0
1569,Faisalabad Wolves,110.0
5461,Auckland,110.0
4003,Denmark,110.0
1638,Maharashtra,110.0
3530,Delhi,110.0
5267,Middlesex,110.0
2371,Warwickshire,110.0
3138,Surrey,110.0
4292,South Western Districts,110.0
1404,Northamptonshire,110.0
4011,Netherlands,110.0
180,Sussex,110.0
1500,Kenya,110.0
4400,Gujarat,110.0
3141,Essex,110.0
2720,Duronto Rajshahi,110.0
5356,Easterns,109.0
590,Baroda,109.0
5597,Vidarbha,109.0
2688,Kenya,109.0
1778,West Indies,109.0
2601,Canada,109.0
697,Somerset,109.0
1196,Australia,109.0
5780,Northerns,109.0
2783,Canada,109.0
2159,Haryana,109.0
5777,Free State,109.0
5115,Guyana Amazon Warriors,109.0
3519,Services,109.0
2766,Kenya,109.0
3618,Eastern Province,109.0
5914,Guyana Amazon Warriors,109.0
1975,Victoria,108.0
6133,KwaZulu-Natal,108.0
6112,Pakistan,108.0
374,Faisalabad Wolves,108.0
4515,St Lucia Zouks,108.0
4075,Pakistan International Airlines,108.0
3477,Chittagong Kings,108.0
2566,Eastern Province,108.0
5525,Jammu & Kashmir,108.0
4109,Auckland,108.0
700,Hampshire,108.0
2089,Tasmania,108.0
3523,Jharkhand,107.0
3924,Guyana Amazon Warriors,107.0
547,Badureliya Sports Club,107.0
3544,Rajasthan,107.0
4238,Lahore Eagles,107.0
1086,Sri Lanka,107.0
1064,Kenya,107.0
3989,Hong Kong,107.0
3508,Andhra,107.0
2101,Tasmania,107.0
4690,AJK Jaguars,107.0
2182,Titans,107.0
4832,Sydney Thunder,107.0
4565,Worcestershire,107.0
1337,Kent,107.0
5150,Jersey,107.0
1243,Royal Challengers Bangalore,107.0
4859,Griqualand West,107.0
5382,Northerns,107.0
1327,Lancashire,107.0
5393,Hong Kong,107.0
649,Railways,106.0
1546,Mashonaland Eagles,106.0
1565,Faisalabad Wolves,106.0
829,St Lucia,106.0
1586,Kandurata,106.0
505,Abbottabad Rhinos,106.0
1000,Northamptonshire,106.0
462,British Virgin Islands,106.0
5489,Comilla Victorians,106.0
5523,Goa,106.0
5259,Surrey,106.0
2432,Lancashire,106.0
4883,Jammu & Kashmir,106.0
122,Colts Cricket Club,106.0
5567,Karnataka,106.0
3633,Easterns,106.0
3880,Leicestershire,106.0
3768,Scotland,106.0
1964,Royal Challengers Bangalore,106.0
4061,Water and Power Development Authority,105.0
2615,Barbados,105.0
5007,Lahore Lions,105.0
3920,St Lucia Zouks,105.0
5364,North West,105.0
3967,Sri Lanka A,105.0
5549,Jharkhand,105.0
1139,Eagles,105.0
872,Lions,105.0
4156,Melbourne Renegades,105.0
5726,India,105.0
2252,Royal Challengers Bangalore,105.0
2845,Delhi,105.0
2939,Colombo Cricket Club,105.0
4409,Baroda,105.0
3542,Bengal,105.0
4027,Canada,105.0
3282,Lahore Lions,105.0
3271,Lahore Eagles,104.0
2586,South Western Districts,104.0
2602,Guyana,104.0
694,Durham,104.0
659,Railways,104.0
2532,West Indies A,104.0
464,Nevis,104.0
3537,Haryana,104.0
2352,Middlesex,104.0
4009,Afghanistan,104.0
20,Lancashire,104.0
923,Mumbai Indians,104.0
5647,Moors Sports Club,104.0
5553,Madhya Pradesh,104.0
1214,Deccan Chargers,104.0
5547,Bengal,104.0
2841,Jharkhand,104.0
2745,Ireland,104.0
2770,Afghanistan,104.0
1075,Multan Tigers,104.0
2582,Eastern Province,103.0
5902,Zimbabwe,103.0
3326,Melbourne Renegades,103.0
689,Gloucestershire,103.0
4195,Lions,103.0
1556,Multan Tigers,103.0
2672,Sydney Thunder,103.0
1143,Warriors,103.0
4921,Assam,103.0
4944,Punjab,102.0
223,Worcestershire,102.0
777,Australia,102.0
2132,Jharkhand,102.0
2904,Dolphins,102.0
725,Gloucestershire,102.0
2947,Chilaw Marians Cricket Club,102.0
1795,Canada,102.0
322,Lions,102.0
3367,Barbados,102.0
647,Jammu & Kashmir,102.0
5348,Bahawalpur Region,102.0
617,Madhya Pradesh,102.0
4850,KwaZulu-Natal Inland,102.0
4727,Australia,102.0
1184,Kandurata,102.0
1263,Kolkata Knight Riders,102.0
957,West Indies,102.0
3278,Faisalabad Wolves,101.0
1099,Stanford Superstars,101.0
3561,Himachal Pradesh,101.0
5913,Guyana Amazon Warriors,101.0
2508,Mumbai Indians,101.0
1525,United Arab Emirates,101.0
3013,Mumbai Indians,101.0
728,Northamptonshire,101.0
5311,Lahore Region Blues,101.0
1987,Karachi Zebras,100.0
1305,New Zealand,100.0
2571,North West,100.0
2120,Assam,100.0
714,Hampshire,100.0
3194,Afghanistan,100.0
1940,Hampshire,100.0
5565,Punjab,100.0
1422,Delhi Daredevils,100.0
2975,Kolkata Knight Riders,100.0
4222,Hyderabad Hawks,100.0
3692,Pune Warriors,100.0
1059,Bermuda,100.0
5842,Kolkata Knight Riders,99.0
2613,Jamaica,99.0
3972,Pakistan,99.0
5145,Nepal,99.0
5581,Gujarat,99.0
2500,Mumbai Indians,99.0
2198,Delhi Daredevils,99.0
373,Faisalabad Wolves,99.0
1079,Abbottabad Rhinos,99.0
2416,Glamorgan,99.0
3857,Gloucestershire,99.0
3682,Rajshahi Division,99.0
1197,Centrals,99.0
5034,Delhi Daredevils,99.0
1058,Canada,99.0
658,Bengal,98.0
1818,Surrey,98.0
4233,Karachi Dolphins,98.0
3355,Combined Campuses and Colleges,98.0
3917,Antigua Hawksbills,98.0
3244,Sydney Sixers,98.0
5088,Barbados Tridents,98.0
3071,Leicestershire,98.0
5579,Andhra,98.0
796,South Australia,98.0
2320,Gloucestershire,98.0
5155,Kenya,98.0
2255,Kochi Tuskers Kerala,98.0
2466,Hyderabad Hawks,98.0
2842,Bengal,98.0
2854,Haryana,97.0
2355,Northamptonshire,97.0
5709,Ireland,97.0
4724,Australia,97.0
4064,Pakistan International Airlines,97.0
4498,Antigua Hawksbills,97.0
4397,Baroda,97.0
3844,Gloucestershire,97.0
4264,Eastern Province,97.0
207,Northamptonshire,97.0
156,Faisalabad Wolves,96.0
2797,Ireland,96.0
5946,Surrey,96.0
5476,Chittagong Vikings,96.0
465,St Vincent,96.0
4695,Northern Districts,96.0
5510,Andhra,96.0
5384,India,96.0
1642,Bengal,96.0
4046,Afghanistan,96.0
2933,Nondescripts Cricket Club,95.0
5514,Mumbai,95.0
2228,Rajasthan Royals,95.0
3499,Abbottabad Falcons,95.0
18,Derbyshire,95.0
1685,Barisal Division,95.0
5938,Guyana Amazon Warriors,95.0
27,Lancashire,95.0
3129,Hampshire,95.0
1861,Glamorgan,95.0
842,Jamaica,94.0
3209,South Africa,94.0
4240,Faisalabad Wolves,94.0
2531,Namibia,94.0
1996,Lahore Lions,94.0
3364,Jamaica,94.0
4880,Andhra,94.0
6206,Warriors,94.0
1504,Sri Lanka A,94.0
439,Lancashire,93.0
2944,Lankan Cricket Club,93.0
4345,Jammu & Kashmir,93.0
2614,Barbados,93.0
470,Cayman Islands,93.0
2992,Mumbai Indians,93.0
2631,Northern Districts,93.0
2769,Kenya,93.0
1704,Royal Challengers Bangalore,93.0
5575,Andhra,93.0
848,Northerns (Zimbabwe),93.0
755,Kenya,93.0
3985,Afghanistan,92.0
1060,Canada,92.0
868,Dolphins,92.0
281,Bloomfield Cricket and Athletic Club,92.0
4241,Karachi Dolphins,92.0
2353,Sussex,91.0
4152,Melbourne Stars,91.0
4510,Jamaica Tallawahs,91.0
5106,Trinidad & Tobago Red Steel,91.0
550,Sri Lanka Army,91.0
4986,Ragama Cricket Club,91.0
2639,Auckland,91.0
3352,Barbados,91.0
1959,England,90.0
1289,New Zealand,90.0
3198,Australia,90.0
2608,Barbados,90.0
2728,Italy,90.0
5474,Comilla Victorians,90.0
2557,Free State,90.0
3979,United Arab Emirates,89.0
2835,Punjab,89.0
6014,Warwickshire,89.0
4785,Dolphins,89.0
553,Saracens Sports Club,89.0
5140,Jersey,88.0
1077,Lahore Eagles,88.0
4350,Madhya Pradesh,87.0
4056,Port Qasim Authority,87.0
869,Cape Cobras,87.0
3311,South Africa,87.0
1011,Hampshire,87.0
402,Worcestershire,87.0
1753,Royal Challengers Bangalore,86.0
4684,Abbottabad Falcons,86.0
601,Assam,86.0
261,Bloomfield Cricket and Athletic Club,86.0
2767,Netherlands,86.0
2435,Gloucestershire,86.0
3999,Denmark,85.0
2211,Kolkata Knight Riders,85.0
2740,Denmark,85.0
5227,Yorkshire,85.0
4277,Namibia,85.0
4964,Sri Lanka Ports Authority Cricket Club,85.0
4683,AJK Jaguars,85.0
5423,Dolphins,85.0
2563,Eastern Province,85.0
5767,India,85.0
4824,Sydney Thunder,84.0
463,Dominica,84.0
5477,Comilla Victorians,84.0
1624,Assam,84.0
5728,India,84.0
2141,Haryana,84.0
3574,Delhi,84.0
1690,Dhaka Division,84.0
2743,Canada,84.0
3631,Boland,83.0
1463,New South Wales,82.0
5772,India,82.0
1192,Kandurata,82.0
1785,New Zealand,82.0
4364,Baroda,82.0
106,Lancashire,82.0
3764,West Indies A,82.0
2408,Lancashire,82.0
4257,South Africa,81.0
3734,Sunrisers Hyderabad,81.0
4829,Melbourne Renegades,81.0
2612,Barbados,81.0
4070,National Bank of Pakistan,81.0
3608,Gauteng,80.0
3980,Denmark,80.0
1497,New Zealand,79.0
4929,Gujarat,79.0
4022,Afghanistan,78.0
4302,Bangladesh,78.0
5444,Otago,78.0
3859,Somerset,78.0
4378,Andhra,77.0
3839,Essex,77.0
2600,Barbados,76.0
2028,Auckland,76.0
625,Haryana,76.0
682,Surrey,75.0
804,Australia,75.0
469,Bermuda,75.0
2018,Mashonaland Eagles,74.0
1178,Ruhuna,74.0
757,Kenya,74.0
3265,Multan Tigers,74.0
506,Karachi Dolphins,74.0
2949,Sinhalese Sports Club,74.0
5782,Western Province,73.0
3354,Barbados,73.0
5791,South Western Districts,73.0
3785,Port Qasim Authority,73.0
4733,Hong Kong,73.0
4390,Andhra,73.0
2735,Ireland,72.0
5691,Hong Kong,72.0
1062,Ireland,72.0
1065,Bermuda,71.0
4432,Rajasthan Royals,71.0
2940,Panadura Sports Club,71.0
3192,Barbados,71.0
5795,North West,70.0
826,Montserrat,70.0
883,Ruhuna,70.0
2834,Haryana,70.0
3613,Namibia,70.0
1860,Gloucestershire,69.0
92,Sussex,69.0
1083,Islamabad Leopards,69.0
289,Bloomfield Cricket and Athletic Club,69.0
934,Mumbai Indians,68.0
6217,Dolphins,68.0
713,Yorkshire,66.0
4066,Sui Northern Gas Pipelines Limited,66.0
729,Yorkshire,65.0
4898,Karnataka,65.0
561,Sinhalese Sports Club,63.0
835,Bermuda,63.0
2288,Combined Provinces,63.0
5487,Sylhet Super Stars,62.0
2559,Namibia,61.0
802,South Africa,60.0
5490,Sylhet Super Stars,60.0
4935,Andhra,59.0
5134,Ireland,54.0
3907,Barbados Tridents,53.0
1611,Andhra,51.0
5295,Glamorgan,51.0
5550,Assam,50.0
64,Titans,48.0
3500,Multan Tigers,48.0
292,Sri Lanka Air Force Sports Club,47.0
681,Kent,46.0
6144,Rangpur Riders,45.0
85,Northamptonshire,44.0
2963,Burgher Recreation Club,41.0
4320,Netherlands,40.0
1629,Jharkhand,32.0
